index,sample_id,groundtruth,S2S,CNN-LSTM,U-Net,S2S-only Transformer,Ours,Quantile Mapping
0,2022-01-01_lead_07,0.0,4.8130879402160645,11.559074401855469,24.668230056762695,3.735374689102173,5.521538257598877,0.8992658257484436
1,2023-01-01_lead_07,0.0,0.5166991949081421,6.673661231994629,5.711525917053223,2.9721457958221436,2.3441500663757324,0.0
2,2022-01-04_lead_07,0.0,3.896841049194336,10.553474426269531,8.814886093139648,1.4128670692443848,3.3954811096191406,0.2871522903442383
3,2023-01-04_lead_07,0.0,0.4279289245605469,7.113116264343262,7.59719181060791,5.343286514282227,1.3516154289245605,0.0
4,2022-01-08_lead_07,1.3000000715255737,8.82744026184082,14.50050163269043,7.809053897857666,10.391891479492188,6.504935264587402,5.160656929016113
5,2023-01-08_lead_07,0.0,0.8967669010162354,7.041184425354004,26.5072021484375,1.5393812656402588,1.317967176437378,0.0
6,2022-01-11_lead_07,25.400001525878906,25.42702293395996,26.02847671508789,22.544307708740234,18.88385772705078,34.56304168701172,26.87937355041504
7,2023-01-11_lead_07,0.0,3.703606128692627,7.902345657348633,7.370789527893066,7.55053186416626,1.6484795808792114,0.233732208609581
8,2022-01-15_lead_07,40.600006103515625,69.02011108398438,11.01982307434082,3.856717586517334,39.604740142822266,55.25925827026367,82.96283721923828
9,2023-01-15_lead_07,0.5,1.1403987407684326,1.6386511325836182,1.4559446573257446,0.12015362083911896,1.0393027067184448,0.0
10,2022-01-18_lead_07,19.999996185302734,26.473533630371094,7.527166366577148,3.2700767517089844,31.91849136352539,32.0798225402832,28.031158447265625
11,2023-01-18_lead_07,0.5999999046325684,1.8685595989227295,3.9457335472106934,1.8150289058685303,0.11420615017414093,1.0493155717849731,0.0
12,2022-01-22_lead_07,4.0,3.5489931106567383,6.637878894805908,2.085768699645996,2.2058069705963135,2.898881673812866,0.1901904046535492
13,2023-01-22_lead_07,0.09999991208314896,1.0829200744628906,4.445769786834717,3.449516534805298,0.05613088980317116,0.9226518869400024,0.0
14,2022-01-25_lead_07,0.5,8.019521713256836,9.129013061523438,4.81950569152832,8.241877555847168,8.529062271118164,4.284694671630859
15,2023-01-25_lead_07,0.0,0.7424934506416321,4.087055206298828,1.252457857131958,0.9760464429855347,2.3932361602783203,0.0
16,2022-01-29_lead_07,0.0,15.842193603515625,7.732617378234863,2.50409197807312,18.449281692504883,15.317809104919434,14.794283866882324
17,2023-01-29_lead_07,1.1000001430511475,1.1356114149093628,7.262312889099121,2.6113409996032715,0.529465913772583,1.9333033561706543,0.0
18,2022-02-01_lead_07,32.000003814697266,35.79088592529297,6.342298984527588,4.1338372230529785,21.41299819946289,14.199647903442383,38.99113464355469
19,2023-02-01_lead_07,30.09999656677246,19.09969711303711,9.42581844329834,5.299856185913086,13.263575553894043,5.313528060913086,18.208955764770508
20,2022-02-05_lead_07,32.000003814697266,35.73128890991211,6.468920707702637,27.193246841430664,24.480770111083984,17.21514129638672,38.917057037353516
21,2023-02-05_lead_07,28.9999942779541,4.173816680908203,3.250068187713623,6.286784648895264,0.2039552927017212,0.7054323554039001,0.427950382232666
22,2022-02-08_lead_07,0.0,4.95331335067749,5.399773120880127,9.314217567443848,2.742555618286133,1.1528282165527344,0.9985914826393127
23,2023-02-08_lead_07,0.0,0.5392650365829468,2.30949068069458,1.5343143939971924,0.15426182746887207,0.21968455612659454,0.0
24,2022-02-12_lead_07,0.0,9.833409309387207,7.262748718261719,8.144262313842773,8.151678085327148,7.597808837890625,6.669445037841797
25,2023-02-12_lead_07,0.30000007152557373,1.7160660028457642,4.321500778198242,2.7158162593841553,6.89678430557251,1.8374991416931152,0.0
26,2022-02-15_lead_07,38.19999694824219,57.41535568237305,31.873315811157227,38.40296173095703,51.60678482055664,67.27294921875,66.51659393310547
27,2023-02-15_lead_07,2.9000000953674316,7.94555139541626,17.429407119750977,10.898612976074219,6.792274475097656,5.204351902008057,4.232219219207764
28,2022-02-19_lead_07,41.199989318847656,44.630653381347656,23.766246795654297,37.983219146728516,42.817420959472656,26.153444290161133,49.67802047729492
29,2023-02-19_lead_07,2.6000001430511475,8.365455627441406,11.158329010009766,25.814109802246094,8.741137504577637,5.749285697937012,4.612327575683594
30,2022-02-22_lead_07,3.0,7.790234088897705,10.627893447875977,12.310639381408691,5.1640729904174805,5.055351257324219,4.122035980224609
31,2023-02-22_lead_07,0.0,3.416141986846924,8.078751564025879,5.2541046142578125,4.862071990966797,3.4628965854644775,0.15020765364170074
32,2022-02-26_lead_07,0.0,2.4675660133361816,7.567336082458496,3.1837377548217773,1.4101948738098145,1.0126566886901855,0.0
33,2023-02-26_lead_07,1.999999761581421,5.497790813446045,12.749528884887695,17.6784610748291,1.2808572053909302,2.969757080078125,1.5122908353805542
34,2022-02-29_lead_07,0.0,4.459795951843262,17.55223274230957,8.175859451293945,2.917957305908203,4.4145355224609375,0.6268628835678101
35,2023-02-29_lead_07,1.999999761581421,9.95883846282959,15.525835990905762,9.023005485534668,12.425329208374023,4.799973011016846,6.8594441413879395
36,2022-03-04_lead_07,0.0,5.30504846572876,23.18408966064453,7.0221099853515625,6.367239952087402,2.7810940742492676,1.3142752647399902
37,2023-03-04_lead_07,0.0,4.197750091552734,12.792391777038574,10.660724639892578,2.835505485534668,3.442190647125244,0.4412356913089752
38,2022-03-07_lead_07,0.0,4.612685203552246,24.258686065673828,5.097434043884277,4.012200355529785,7.4461774826049805,0.7510509490966797
39,2023-03-07_lead_07,20.999996185302734,9.790255546569824,9.337851524353027,16.5513916015625,8.628242492675781,11.147695541381836,6.604075908660889
40,2022-03-11_lead_07,24.999998092651367,29.79503631591797,28.82605743408203,16.33263397216797,21.584348678588867,31.582555770874023,32.004634857177734
41,2023-03-11_lead_07,35.0,17.762704849243164,10.50937271118164,2.6715173721313477,21.719411849975586,33.24696350097656,16.66668701171875
42,2022-03-14_lead_07,24.999998092651367,24.052268981933594,28.230304718017578,27.02292251586914,28.337839126586914,20.912382125854492,25.211193084716797
43,2023-03-14_lead_07,14.000000953674316,21.40102195739746,16.3558406829834,16.174013137817383,5.3552117347717285,21.908512115478516,21.53849983215332
44,2022-03-18_lead_07,59.000003814697266,84.67095184326172,50.728981018066406,30.622446060180664,33.240318298339844,39.37684631347656,110.00566101074219
45,2023-03-18_lead_07,0.20000001788139343,9.517854690551758,6.932400703430176,12.699033737182617,4.070415496826172,7.304182529449463,6.191445350646973
46,2022-03-21_lead_07,71.0,99.3475341796875,57.87657165527344,32.72815704345703,81.19796752929688,71.80162811279297,136.74639892578125
47,2023-03-21_lead_07,6.1999993324279785,9.260553359985352,18.080867767333984,35.49061965942383,13.673722267150879,6.165614604949951,5.805179595947266
48,2022-03-25_lead_07,38.00000762939453,41.25188064575195,36.74129104614258,9.227777481079102,45.971248626708984,39.66747283935547,45.69114303588867
49,2023-03-25_lead_07,17.0,22.68647575378418,29.257246017456055,11.79471492767334,9.189919471740723,15.038204193115234,23.247827529907227
50,2022-03-28_lead_07,28.9999942779541,49.48063659667969,49.31785583496094,17.887271881103516,49.7693977355957,38.08515930175781,55.58522415161133
51,2023-03-28_lead_07,18.000003814697266,31.165462493896484,20.048242568969727,44.460205078125,25.8406925201416,15.268750190734863,33.62506866455078
52,2022-04-01_lead_07,6.90000057220459,5.311680316925049,28.670743942260742,19.854366302490234,2.9051434993743896,4.137917518615723,1.3210885524749756
53,2023-04-01_lead_07,7.0,0.4622146487236023,27.67172622680664,11.16759967803955,4.732892036437988,4.115597248077393,0.0
54,2022-04-04_lead_07,3.8999998569488525,5.823062419891357,22.897037506103516,29.235885620117188,3.287240982055664,7.249515056610107,1.8014116287231445
55,2023-04-04_lead_07,0.0,6.194042205810547,20.376951217651367,18.402568817138672,8.327880859375,9.776437759399414,2.158060073852539
56,2022-04-08_lead_07,0.0,30.63294219970703,34.624183654785156,29.19694709777832,20.999876022338867,16.088912963867188,32.96501922607422
57,2023-04-08_lead_07,0.0,2.0324714183807373,17.1599063873291,1.6741365194320679,1.7374036312103271,10.180082321166992,0.0
58,2022-04-11_lead_07,15.300000190734863,70.55498504638672,31.515544891357422,53.165592193603516,34.9337158203125,34.152122497558594,84.97991943359375
59,2023-04-11_lead_07,0.0,0.7243373394012451,19.556259155273438,1.135972261428833,1.7341011762619019,11.169047355651855,0.0
60,2022-04-15_lead_07,34.30000305175781,71.27011108398438,49.183658599853516,49.13993453979492,73.30937194824219,49.293052673339844,86.25846099853516
61,2023-04-15_lead_07,0.0,1.9452900886535645,21.05927848815918,1.5020259618759155,2.3519699573516846,11.820459365844727,0.0
62,2022-04-18_lead_07,19.0,20.1231689453125,43.96356964111328,45.36731719970703,29.613792419433594,28.091941833496094,19.69664192199707
63,2023-04-18_lead_07,0.0,2.0336854457855225,34.93668746948242,4.282732009887695,2.870554208755493,13.898752212524414,0.0
64,2022-04-22_lead_07,0.0,4.213986396789551,35.16693115234375,38.516902923583984,7.019619941711426,11.250974655151367,0.4502483904361725
65,2023-04-22_lead_07,14.000000953674316,27.459627151489258,45.702720642089844,30.687026977539062,18.948896408081055,23.023054122924805,29.3541202545166
66,2022-04-25_lead_07,24.200000762939453,37.53396987915039,34.076934814453125,28.067787170410156,18.052101135253906,20.972675323486328,41.127952575683594
67,2023-04-25_lead_07,38.00000762939453,55.365901947021484,47.94495391845703,42.929237365722656,46.807064056396484,45.404937744140625,63.26669692993164
68,2022-04-29_lead_07,26.19999885559082,39.77653884887695,33.0931282043457,46.135677337646484,11.829122543334961,17.992712020874023,43.757423400878906
69,2023-04-29_lead_07,26.00000762939453,37.79106903076172,44.94507598876953,51.794227600097656,50.89301300048828,28.61224937438965,41.426734924316406
70,2022-05-02_lead_07,16.90000343322754,50.627437591552734,34.93852996826172,71.02967071533203,19.886445999145508,40.54620361328125,56.755428314208984
71,2023-05-02_lead_07,1.999999761581421,13.123973846435547,37.864524841308594,13.642587661743164,10.906638145446777,16.681734085083008,11.274406433105469
72,2022-05-06_lead_07,45.099998474121094,69.7000503540039,60.43768310546875,44.32166290283203,86.60728454589844,73.58665466308594,83.85639190673828
73,2023-05-06_lead_07,38.100006103515625,73.15641784667969,51.05093765258789,72.35655975341797,93.02762603759766,56.018836975097656,90.0924301147461
74,2022-05-09_lead_07,111.40000915527344,121.805908203125,61.31502914428711,58.17305374145508,116.09456634521484,118.7785415649414,187.8621063232422
75,2023-05-09_lead_07,57.100006103515625,74.0981674194336,74.50747680664062,40.98091125488281,92.014404296875,57.66292190551758,91.73677062988281
76,2022-05-13_lead_07,125.5999984741211,78.37637329101562,80.38484191894531,65.95345306396484,73.42047119140625,37.43809509277344,98.96990966796875
77,2023-05-13_lead_07,19.0,46.463069915771484,43.77277374267578,33.971717834472656,31.472990036010742,28.022512435913086,51.95948028564453
78,2022-05-16_lead_07,112.40003967285156,75.164306640625,71.71565246582031,73.58772277832031,138.11717224121094,83.36217498779297,93.53984069824219
79,2023-05-16_lead_07,0.0,1.4394763708114624,28.403079986572266,10.037460327148438,8.620848655700684,19.03744888305664,0.0
80,2022-05-20_lead_07,112.79996490478516,177.03282165527344,94.0068359375,73.13704681396484,120.12828826904297,108.38626098632812,300.0
81,2023-05-20_lead_07,32.30000305175781,11.421103477478027,36.11874771118164,46.27707290649414,4.455442428588867,20.440095901489258,8.908334732055664
82,2022-05-23_lead_07,56.79999542236328,105.20118713378906,101.0613021850586,71.69658660888672,118.70391082763672,109.29917907714844,152.59425354003906
83,2023-05-23_lead_07,33.0,12.099478721618652,66.73208618164062,66.06742858886719,16.24294090270996,18.32426643371582,9.999579429626465
84,2022-05-27_lead_07,56.0,70.42115783691406,57.376121520996094,44.94295120239258,93.3136215209961,86.68623352050781,84.80404663085938
85,2023-05-27_lead_07,5.699999809265137,33.84574508666992,69.65316772460938,100.32376098632812,63.581085205078125,35.141944885253906,36.68421936035156
86,2022-05-30_lead_07,89.00000762939453,91.19157409667969,81.75930786132812,53.76231002807617,99.16407775878906,104.85494995117188,120.50349426269531
87,2023-05-30_lead_07,46.099998474121094,60.603702545166016,75.02921295166016,135.78759765625,75.83413696289062,61.2083854675293,70.88287353515625
88,2022-06-03_lead_07,166.0,105.88241577148438,94.61027526855469,95.74551391601562,129.8983612060547,118.77711486816406,154.2367401123047
89,2023-06-03_lead_07,143.1000213623047,76.17345428466797,80.66866302490234,79.59327697753906,114.62750244140625,74.89337921142578,95.2462387084961
90,2022-06-06_lead_07,162.60000610351562,127.73294830322266,114.31244659423828,98.55757904052734,150.56689453125,120.97595977783203,202.5176239013672
91,2023-06-06_lead_07,107.00000762939453,92.9038314819336,111.613525390625,84.08272552490234,85.21998596191406,92.46697235107422,123.56061553955078
92,2022-06-10_lead_07,179.10003662109375,126.63053894042969,98.52501678466797,91.9837646484375,144.62277221679688,126.74208068847656,199.791748046875
93,2023-06-10_lead_07,69.69998168945312,100.12266540527344,96.25304412841797,88.15721130371094,106.69181823730469,96.90258026123047,138.8483123779297
94,2022-06-13_lead_07,152.0,105.68925476074219,105.8841781616211,81.34547424316406,104.08578491210938,99.4118881225586,153.85614013671875
95,2023-06-13_lead_07,67.69999694824219,92.79737091064453,100.18495178222656,97.3267822265625,95.48323822021484,105.22969055175781,123.37053680419922
96,2022-06-17_lead_07,79.79998779296875,130.18771362304688,116.47463989257812,142.7509002685547,129.00225830078125,111.81932067871094,209.40179443359375
97,2023-06-17_lead_07,65.99998474121094,76.28152465820312,87.37548065185547,102.26978302001953,109.88945007324219,109.1514892578125,95.42890930175781
98,2022-06-20_lead_07,102.50000762939453,61.43864440917969,126.86664581298828,81.19679260253906,133.10614013671875,68.01527404785156,71.87870788574219
99,2023-06-20_lead_07,76.19998931884766,84.16670227050781,92.43328857421875,93.78105163574219,121.49967193603516,82.26660919189453,109.177978515625
100,2022-06-24_lead_07,122.30001068115234,71.97749328613281,101.48298645019531,95.98851776123047,96.99729919433594,88.87970733642578,87.69623565673828
101,2023-06-24_lead_07,17.799997329711914,82.0108642578125,119.43193817138672,108.12269592285156,90.13230895996094,76.93896484375,105.0213394165039
102,2022-06-27_lead_07,123.10002136230469,76.41987609863281,101.36567687988281,95.53372192382812,76.82514190673828,95.15884399414062,95.66277313232422
103,2023-06-27_lead_07,48.59999465942383,64.9550552368164,108.29652404785156,76.81990814208984,104.15315246582031,78.57078552246094,76.46119689941406
104,2022-07-01_lead_07,116.09998321533203,86.46967315673828,101.26415252685547,115.64373779296875,87.47671508789062,107.99950408935547,112.70272064208984
105,2023-07-01_lead_07,73.90000915527344,108.26438903808594,102.55593872070312,109.85678100585938,147.4522247314453,109.18112182617188,158.9301300048828
106,2022-07-04_lead_07,79.60000610351562,87.98445892333984,107.43392944335938,106.56259155273438,127.66303253173828,104.45835876464844,115.07691192626953
107,2023-07-04_lead_07,88.80003356933594,60.35154724121094,119.40741729736328,105.45965576171875,100.86555480957031,69.71434020996094,70.58212280273438
108,2022-07-08_lead_07,5.500000953674316,39.27302551269531,100.2088851928711,114.18912506103516,63.35697937011719,53.293968200683594,43.162052154541016
109,2023-07-08_lead_07,81.99998474121094,112.21572875976562,94.78125762939453,91.34638214111328,129.7471466064453,97.09365844726562,167.25819396972656
110,2022-07-11_lead_07,15.0,22.880050659179688,132.3968048095703,99.63736724853516,82.29576110839844,48.49256896972656,23.533475875854492
111,2023-07-11_lead_07,25.099998474121094,49.59019470214844,88.84075927734375,75.59837341308594,94.85714721679688,65.0102310180664,55.697017669677734
112,2022-07-15_lead_07,94.89998626708984,40.00990295410156,99.59457397460938,69.0415267944336,76.20035552978516,62.76422882080078,44.03335952758789
113,2023-07-15_lead_07,11.400001525878906,52.587310791015625,84.95706176757812,98.05677032470703,26.90672492980957,58.05266571044922,59.302242279052734
114,2022-07-18_lead_07,106.89999389648438,58.397239685058594,94.8043212890625,80.06890106201172,110.48223876953125,65.65169525146484,67.9911880493164
115,2023-07-18_lead_07,44.400001525878906,39.933406829833984,76.00399780273438,42.63921356201172,46.77338409423828,48.326175689697266,43.942909240722656
116,2022-07-22_lead_07,23.0,28.174053192138672,83.38929748535156,84.93575286865234,25.18354034423828,32.83585739135742,30.252859115600586
117,2023-07-22_lead_07,51.100006103515625,66.65010070800781,106.81898498535156,95.28947448730469,67.93489074707031,57.955318450927734,79.23430633544922
118,2022-07-25_lead_07,5.0,74.47103118896484,76.30607604980469,73.52103424072266,79.14875793457031,65.13972473144531,92.36736297607422
119,2023-07-25_lead_07,68.99999237060547,79.1942138671875,84.29456329345703,78.27485656738281,80.97798156738281,85.83380126953125,100.29786682128906
120,2022-07-29_lead_07,51.00000762939453,59.58708572387695,73.56354522705078,41.25030517578125,66.76109313964844,66.52505493164062,69.67034912109375
121,2023-07-29_lead_07,188.89999389648438,89.72771453857422,87.46444702148438,75.43710327148438,133.48204040527344,111.7863540649414,117.9832534790039
122,2022-08-01_lead_07,137.0,72.76758575439453,89.55316162109375,84.57296752929688,104.52857971191406,83.11273193359375,89.30211639404297
123,2023-08-01_lead_07,300.0,109.18251037597656,79.72782135009766,92.24746704101562,148.0655975341797,115.29096984863281,160.73916625976562
124,2022-08-05_lead_07,110.39997863769531,74.89065551757812,85.30245971679688,90.68306732177734,73.16519165039062,73.82540130615234,93.07704162597656
125,2023-08-05_lead_07,300.0,122.82737731933594,79.98822784423828,112.19188690185547,157.3525848388672,137.5631103515625,190.38784790039062
126,2022-08-08_lead_07,85.99999237060547,77.9847412109375,86.04883575439453,80.35856628417969,50.28239059448242,76.0711441040039,98.30792236328125
127,2023-08-08_lead_07,300.0,65.66670227050781,87.01397705078125,95.01968383789062,117.8165512084961,95.86289978027344,77.58750915527344
128,2022-08-12_lead_07,84.59998321533203,64.00657653808594,86.1559066772461,86.41204071044922,92.23314666748047,72.95926666259766,74.96005249023438
129,2023-08-12_lead_07,148.60000610351562,78.84061431884766,88.7630844116211,79.66809844970703,69.58306121826172,89.5254898071289,99.73164367675781
130,2022-08-15_lead_07,35.999996185302734,41.30595779418945,65.12825012207031,73.44911193847656,50.367374420166016,51.37763214111328,45.76515579223633
131,2023-08-15_lead_07,209.69998168945312,63.342140197753906,71.9963607788086,85.78524780273438,85.58026885986328,86.547607421875,74.02164459228516
132,2022-08-19_lead_07,37.099998474121094,65.98558807373047,91.73226928710938,59.55741500854492,59.44989013671875,59.9244384765625,78.11185455322266
133,2023-08-19_lead_07,192.3999786376953,93.05314636230469,90.54624938964844,71.06333923339844,112.55316925048828,98.9749755859375,123.82720184326172
134,2022-08-22_lead_07,39.09999465942383,56.97177505493164,67.2056884765625,31.336027145385742,43.80622100830078,49.61172866821289,65.82864379882812
135,2023-08-22_lead_07,161.7000732421875,91.61576080322266,94.2275390625,89.43527221679688,121.94065856933594,109.15553283691406,121.26084899902344
136,2022-08-26_lead_07,75.0,86.8593978881836,62.183746337890625,70.63416290283203,39.42444610595703,52.35242462158203,113.2870864868164
137,2023-08-26_lead_07,53.599998474121094,55.35651397705078,65.42832946777344,100.63078308105469,36.532920837402344,37.47871398925781,63.2517204284668
138,2022-08-29_lead_07,91.19999694824219,43.911827087402344,51.503047943115234,44.38358688354492,46.8331298828125,46.1504020690918,48.732913970947266
139,2023-08-29_lead_07,10.80000114440918,9.91490650177002,44.79838562011719,137.9413604736328,13.657093048095703,21.707958221435547,6.792896747589111
140,2022-09-02_lead_07,36.79999542236328,31.46895980834961,50.280738830566406,44.98768615722656,15.009982109069824,27.629941940307617,34.001407623291016
141,2023-09-02_lead_07,0.8999999761581421,11.695507049560547,47.973960876464844,102.91802978515625,28.32973289489746,24.094989776611328,9.34974479675293
142,2022-09-05_lead_07,55.59999084472656,24.544097900390625,31.649322509765625,45.750885009765625,22.417858123779297,30.481233596801758,25.85539436340332
143,2023-09-05_lead_07,98.0999984741211,84.31684875488281,54.913726806640625,69.480712890625,51.32814025878906,53.05607604980469,109.46747589111328
144,2022-09-09_lead_07,75.0999755859375,52.279605865478516,38.634971618652344,25.815658569335938,39.394168853759766,59.30714416503906,58.86154556274414
145,2023-09-09_lead_07,118.00003051757812,43.30168914794922,42.168609619140625,81.38793182373047,26.499563217163086,37.172607421875,48.065528869628906
146,2022-09-12_lead_07,116.09998321533203,79.25542449951172,64.52871704101562,61.981788635253906,94.08841705322266,78.20503234863281,100.39588165283203
147,2023-09-12_lead_07,37.0,45.95402145385742,44.705806732177734,73.45706176757812,51.181304931640625,37.287200927734375,51.36885070800781
148,2022-09-16_lead_07,105.99998474121094,52.88481903076172,51.369667053222656,58.832096099853516,41.147430419921875,32.9677848815918,59.72833251953125
149,2023-09-16_lead_07,51.199981689453125,32.94502258300781,48.20440673828125,35.11428451538086,27.806001663208008,22.61041831970215,35.98244094848633
150,2022-09-19_lead_07,10.000000953674316,20.353654861450195,31.56884002685547,13.026006698608398,16.58209228515625,15.140070915222168,20.043018341064453
151,2023-09-19_lead_07,84.20001220703125,30.6283016204834,52.05742263793945,42.642066955566406,33.74229049682617,19.498226165771484,32.95927047729492
152,2022-09-23_lead_07,0.0,6.854968070983887,21.34720802307129,8.258279800415039,7.822453498840332,14.020614624023438,2.922715187072754
153,2023-09-23_lead_07,51.49999237060547,13.067638397216797,29.320844650268555,37.52719497680664,15.995923042297363,17.406299591064453,11.210874557495117
154,2022-09-26_lead_07,14.000000953674316,15.602005004882812,19.922100067138672,6.506621360778809,24.176753997802734,24.29962730407715,14.538409233093262
155,2023-09-26_lead_07,2.6999998092651367,22.8537540435791,32.71181869506836,17.5847225189209,16.51664924621582,21.36748504638672,23.494670867919922
156,2022-09-30_lead_07,14.000000953674316,33.59501266479492,32.080406188964844,31.009431838989258,13.853007316589355,21.221830368041992,36.488868713378906
157,2023-09-30_lead_07,31.199993133544922,40.54991912841797,40.89268493652344,20.317230224609375,38.731712341308594,24.858732223510742,44.730445861816406
158,2022-10-03_lead_07,16.0,14.454691886901855,26.150259017944336,22.208118438720703,15.322147369384766,16.57481575012207,12.93501091003418
159,2023-10-03_lead_07,35.0,25.67755126953125,47.72038269042969,33.540550231933594,48.79936981201172,23.68952751159668,27.136465072631836
160,2022-10-07_lead_07,16.0,12.607037544250488,25.3624324798584,27.883115768432617,12.748116493225098,13.137520790100098,10.649622917175293
161,2023-10-07_lead_07,5.59999942779541,19.549327850341797,23.009746551513672,34.69965362548828,32.61936950683594,15.870190620422363,18.828086853027344
162,2022-10-10_lead_07,0.0,0.16944706439971924,13.11993408203125,15.546159744262695,3.2748422622680664,4.240559101104736,0.0
163,2023-10-10_lead_07,10.5,19.960865020751953,18.33354377746582,24.043354034423828,43.51336669921875,19.154541015625,19.45098114013672
164,2022-10-14_lead_07,0.0,0.07205672562122345,11.479159355163574,24.827468872070312,1.485019564628601,4.119805335998535,0.0
165,2023-10-14_lead_07,9.899999618530273,18.10589027404785,9.779561996459961,26.339752197265625,8.340925216674805,16.14392852783203,17.06798553466797
166,2022-10-17_lead_07,0.0,1.2276543378829956,12.161062240600586,24.042022705078125,1.779419183731079,7.378435134887695,0.0
167,2023-10-17_lead_07,0.0,8.359109878540039,14.600861549377441,7.911092758178711,4.655618190765381,8.280693054199219,4.604980945587158
168,2022-10-21_lead_07,0.0,3.8263394832611084,11.559067726135254,5.183157444000244,4.776174545288086,7.430611610412598,0.26766201853752136
169,2023-10-21_lead_07,28.9999942779541,37.893409729003906,18.909862518310547,4.94053840637207,21.487762451171875,28.9781436920166,41.54566955566406
170,2022-10-24_lead_07,0.0,5.889523506164551,19.14528465270996,6.79821252822876,5.259347915649414,9.800056457519531,1.857210397720337
171,2023-10-24_lead_07,45.099998474121094,29.431541442871094,28.50391387939453,10.72226333618164,26.540552139282227,28.11868667602539,31.648387908935547
172,2022-10-28_lead_07,0.0,2.0945839881896973,15.852417945861816,6.633231163024902,3.5319859981536865,4.419332981109619,0.0
173,2023-10-28_lead_07,16.200000762939453,19.883487701416016,34.14752960205078,7.346594333648682,19.597379684448242,31.071735382080078,19.333864212036133
174,2022-10-31_lead_07,0.0,0.712948739528656,15.46582317352295,33.40616989135742,0.42766112089157104,1.80104398727417,0.0
175,2023-10-31_lead_07,17.099994659423828,12.812643051147461,29.200130462646484,5.628390312194824,7.340330123901367,12.981048583984375,10.912912368774414
176,2022-11-04_lead_07,0.0,0.059248775243759155,11.69989013671875,2.2988510131835938,0.333510160446167,0.39947015047073364,0.0
177,2023-11-04_lead_07,28.9999942779541,26.00582504272461,41.57869338989258,21.072093963623047,30.467538833618164,23.380224227905273,27.473339080810547
178,2022-11-07_lead_07,0.0,0.1322859823703766,9.676095962524414,1.0923084020614624,0.1454249769449234,0.8317137956619263,0.0
179,2023-11-07_lead_07,12.199997901916504,33.35988235473633,31.859148025512695,50.25965118408203,27.14386558532715,23.67755699157715,36.30567169189453
180,2022-11-11_lead_07,10.899999618530273,22.957029342651367,7.320992946624756,13.970396995544434,5.189072608947754,9.449686050415039,23.64706802368164
181,2023-11-11_lead_07,0.20000001788139343,18.493227005004883,27.07733917236328,35.50368881225586,42.25141906738281,25.79875946044922,17.51432991027832
182,2022-11-13_lead_07,11.69999885559082,7.264878273010254,10.465789794921875,10.418006896972656,7.065279006958008,14.85233211517334,3.454681634902954
183,2023-11-13_lead_07,0.5999999046325684,11.887984275817871,17.137313842773438,4.485465049743652,17.507686614990234,11.525176048278809,9.659366607666016
184,2022-11-15_lead_07,11.69999885559082,11.665959358215332,12.130635261535645,15.488309860229492,17.283782958984375,19.649742126464844,9.302213668823242
185,2023-11-15_lead_07,0.5999999046325684,7.638031005859375,9.399507522583008,0.8079512119293213,3.147650718688965,3.1756439208984375,4.014061450958252
186,2022-11-17_lead_07,11.69999885559082,15.937463760375977,13.189943313598633,14.809805870056152,14.926424026489258,19.95176124572754,14.89577579498291
187,2023-11-17_lead_07,0.5999999046325684,0.9389286637306213,7.106074333190918,0.0,0.581489622592926,1.4996808767318726,0.0
188,2022-11-19_lead_07,16.200000762939453,48.368309020996094,25.52444839477539,8.383541107177734,20.444313049316406,28.120864868164062,54.244693756103516
189,2023-11-19_lead_07,0.0,0.3713539242744446,1.9807355403900146,0.1382615566253662,0.21275371313095093,1.0139307975769043,0.0
190,2022-11-21_lead_07,35.0,18.562509536743164,19.37108039855957,9.06551742553711,6.068133354187012,17.978923797607422,17.59368324279785
191,2023-11-21_lead_07,0.0,0.5494600534439087,2.356775999069214,0.5153708457946777,0.5123978853225708,1.4866719245910645,0.0
192,2022-11-23_lead_07,35.0,27.333518981933594,49.26025390625,32.03688430786133,29.09914207458496,38.86373519897461,29.1849308013916
193,2023-11-23_lead_07,0.0,0.6431416273117065,1.5395078659057617,0.8188183307647705,0.8439563512802124,2.0577871799468994,0.0
194,2022-11-25_lead_07,65.00000762939453,59.24066162109375,53.39169692993164,28.395580291748047,73.75924682617188,44.608272552490234,69.25716400146484
195,2023-11-25_lead_07,0.0,0.5988638401031494,3.5284767150878906,3.8226335048675537,1.354583978652954,2.806218147277832,0.0
196,2022-11-27_lead_07,54.000003814697266,26.56231689453125,35.279991149902344,19.8951473236084,56.5616455078125,28.83611297607422,28.150270462036133
197,2023-11-27_lead_07,0.800000011920929,0.6222314834594727,9.85041332244873,6.073962211608887,3.7155649662017822,3.4465508460998535,0.0
198,2022-11-29_lead_07,54.000003814697266,12.924237251281738,5.889072418212891,17.995206832885742,63.53678512573242,26.516510009765625,11.049154281616211
199,2023-11-29_lead_07,5.8000006675720215,3.8379499912261963,21.27259635925293,6.696683883666992,5.820736885070801,18.348867416381836,0.27087175846099854
200,2022-12-01_lead_07,54.000003814697266,17.25234603881836,13.757440567016602,12.000730514526367,21.935565948486328,14.742549896240234,16.078580856323242
201,2023-12-01_lead_07,5.8000006675720215,19.427738189697266,39.01857376098633,45.7491455078125,43.745849609375,24.201148986816406,18.644052505493164
202,2022-12-03_lead_07,0.0,5.005290985107422,7.789945602416992,2.4853062629699707,0.9250985383987427,4.192605018615723,1.0354087352752686
203,2023-12-03_lead_07,5.8000006675720215,17.60268783569336,41.89744186401367,25.84585189819336,15.18857192993164,18.117382049560547,16.47957420349121
204,2022-12-05_lead_07,0.0,4.36413049697876,6.882574558258057,3.3845481872558594,1.2048988342285156,1.827789306640625,0.5491563081741333
205,2023-12-05_lead_07,5.0,9.803516387939453,40.3856201171875,10.322022438049316,24.201894760131836,21.641376495361328,6.624163627624512
206,2022-12-07_lead_07,0.0,7.247328281402588,7.143922328948975,4.489759922027588,2.7237157821655273,5.930320739746094,3.427595615386963
207,2023-12-07_lead_07,1.999999761581421,22.565601348876953,38.07091522216797,3.9777393341064453,8.564105033874512,20.109922409057617,23.072734832763672
208,2022-12-09_lead_07,0.0,3.6550638675689697,4.429328918457031,2.9838688373565674,0.4309970438480377,4.296408176422119,0.22031264007091522
209,2023-12-09_lead_07,1.999999761581421,19.578269958496094,45.72914123535156,4.998149394989014,12.822615623474121,11.590157508850098,18.87189292907715
210,2022-12-11_lead_07,0.0,1.7538068294525146,4.658010482788086,0.6532076597213745,0.4584941267967224,2.9678938388824463,0.0
211,2023-12-11_lead_07,2.6000001430511475,18.39447784423828,12.995988845825195,10.752147674560547,12.337756156921387,7.200183391571045,17.401227951049805
212,2022-12-13_lead_07,0.0,2.8872692584991455,2.7748284339904785,0.05705190822482109,0.885379433631897,1.0451607704162598,0.0
213,2023-12-13_lead_07,0.5999999046325684,6.562199592590332,2.5929341316223145,4.792544364929199,3.0460336208343506,2.002305507659912,2.590886354446411
214,2022-12-15_lead_07,0.0,0.37051963806152344,4.656180381774902,0.3380126357078552,0.3652366101741791,0.8588166832923889,0.0
215,2023-12-15_lead_07,0.5999999046325684,3.463927984237671,4.688084602355957,0.7429015636444092,7.415281295776367,1.3273875713348389,0.1645892858505249
216,2022-12-17_lead_07,0.0,0.5327373147010803,6.694117546081543,0.4196355938911438,0.4075963497161865,1.0436627864837646,0.0
217,2023-12-17_lead_07,0.5999999046325684,1.307239055633545,4.94093132019043,0.8252556324005127,0.5281420946121216,3.0393502712249756,0.0
218,2022-12-19_lead_07,0.0,2.5338540077209473,6.358180046081543,0.43386122584342957,1.0566673278808594,0.7345147132873535,0.0
219,2023-12-19_lead_07,0.0,3.051126003265381,6.824413776397705,4.594364166259766,4.234140396118164,5.232060432434082,0.03605927526950836
220,2022-12-21_lead_07,11.0,6.433849334716797,5.453185081481934,0.49958524107933044,1.1455745697021484,3.715999126434326,2.439990520477295
221,2023-12-21_lead_07,0.0,0.24704262614250183,2.6509439945220947,0.9854505062103271,0.6591013669967651,1.012482762336731,0.0
222,2022-12-23_lead_07,27.000001907348633,30.01873779296875,4.876615524291992,3.631439685821533,27.23870849609375,13.099359512329102,32.223876953125
223,2023-12-23_lead_07,0.0,0.09303328394889832,2.893592357635498,3.3737728595733643,3.297818660736084,1.581031084060669,0.0
224,2022-12-25_lead_07,33.0,37.784454345703125,8.923223495483398,20.41320037841797,26.683717727661133,21.759613037109375,41.41904830932617
225,2023-12-25_lead_07,0.0,0.46579819917678833,3.073593854904175,2.1480178833007812,0.9330669045448303,0.7226580381393433,0.0
226,2022-12-27_lead_07,33.0,35.09766387939453,5.903543472290039,20.225666046142578,31.842613220214844,19.938404083251953,38.097774505615234
227,2023-12-27_lead_07,0.0,1.733540654182434,4.4198455810546875,1.7492259740829468,0.6637713313102722,1.099780797958374,0.0
228,2022-12-29_lead_07,10.000000953674316,12.228466987609863,6.538545608520508,7.1239166259765625,2.242769718170166,6.600843906402588,10.16484260559082
229,2023-12-29_lead_07,5.999999523162842,8.713374137878418,7.517070293426514,14.067855834960938,2.441833257675171,4.712106704711914,5.015130996704102
230,2022-12-31_lead_07,2.499999761581421,1.1523321866989136,3.970909833908081,1.6501036882400513,0.6479488611221313,0.8851566314697266,0.0
231,2023-12-31_lead_07,7.300000190734863,14.885767936706543,11.017467498779297,17.492738723754883,8.45008659362793,9.062721252441406,13.569782257080078
